{
  "image_filename": "video2.mp4_frame0156.jpg",
  "image_dimensions": {
    "width": 848,
    "height": 480
  },
  "objects": [
    {
      "contour": {
        "x": 692.7708129882812,
        "y": 300.0146484375,
        "w": 53.48663330078125,
        "h": 32.495635986328125
      },
      "obj_name": "car",
      "name_accuracy": 0.7056053876876831
    },
    {
      "contour": {
        "x": 559.8329467773438,
        "y": 281.91314697265625,
        "w": 40.7244873046875,
        "h": 19.373443603515625
      },
      "obj_name": "car",
      "name_accuracy": 0.6810169816017151
    },
    {
      "contour": {
        "x": 718.6027221679688,
        "y": 275.9717712402344,
        "w": 28.551513671875,
        "h": 14.717376708984375
      },
      "obj_name": "car",
      "name_accuracy": 0.4981396496295929
    },
    {
      "contour": {
        "x": 381.3439636230469,
        "y": 277.3162841796875,
        "w": 9.7493896484375,
        "h": 21.295318603515625
      },
      "obj_name": "person",
      "name_accuracy": 0.357573002576828
    }
  ]
}